{
    "color_scores": {
        "blue": 50.84390810698579,
        "yellow": 3.682029567558075,
        "green": 40,
        "orange": 15.720372790433277,
        "purple": 1.0815769461741611
    },
    "turn_1_adjustments": [
        -2790.024729590717,
        -1030.5037915905455,
        -63.44643538148741,
        -26.493846231511437,
        2.171226321894662,
        2.344123295283182,
        2410.5702343584253
    ],
    "turn_2_adjustments": [
        -1928.564155446741,
        -16.70639501647953,
        0.7287967137464829,
        28.53137548631481,
        106.45656336572095,
        7894.511498288171,
        12891.280583831944
    ],
    "turn_1_bonus_with_reroll": [
        -6.775505130290399,
        2.275965876741793,
        13.904327071884506,
        64.82196114641027,
        6.337755438402578,
        -0.38920727240570746,
        2418.0620393537874
    ],
    "turn_2_bonus_with_reroll": [
        -0.5302592391363989,
        31.096777784040174,
        3.1430750979831883,
        1.2534049861261123,
        1.7599577786068084,
        12005.250056368934,
        8740.010659728501
    ],
    "white_die_bonus": {
        "1": 16.464614231018835,
        "2": 8.928591652378785
    },
    "box_adjustments": {
        "yellow": [
            8.455495467228713,
            13.49506038416008,
            15.943625863845732,
            -0.37106108002157284,
            -327.8656100390282,
            -1.3808547887590477,
            5.066307176097875,
            -437.9032864998083,
            -590.3398429817582,
            -0.23429179032569636,
            2.202965703115852,
            -309.60441664868335,
            2.8365659344993306,
            6.860101120073124,
            8.137488557352176,
            3.1666297550775164
        ],
        "blue": [
            16.758833895490525,
            8.374433693946484,
            11.500167105090297,
            -3.193236974879029,
            5.3211562305411135,
            -0.8846880587551212,
            3.226530401458408,
            -3.565363363020696,
            3.0570599430144156,
            5.998549330737585,
            34.71739427333853
        ],
        "green": [
            0,
            0,
            50,
            600,
            650,
            0,
            25,
            250,
            500,
            -10000,
            -10000
        ],
        "orange": [
            -0.29112600948128275,
            -3.481833582908155,
            -0.46325410138293005,
            1.114962584393408,
            -2.919367170178792,
            0.25031595492248376,
            -214.79515165896706,
            -183.97694709098016,
            -417.9489788098648,
            -228.52829168212648,
            -283.22354646237005
        ],
        "purple": [
            1.4779039847374937,
            1.4411474567560718,
            -3.6415975127338265,
            0.28385469557235654,
            2.544327017316418,
            -1.8901863250550337,
            -3.8551944008905767,
            -205.60264108171148,
            -537.7152813832727,
            -622.2888344730159,
            -324.5289169720495
        ]
    },
    "value_adjustments": {
        "orange": [
            -13.10043047062942,
            -7.418884064005202,
            -9.789934126498304,
            3.7721805798074444,
            -0.45553951649038,
            75.07130113788118
        ],
        "purple": [
            -68.41473263986812,
            -26.09101884393229,
            -40.98508760692877,
            -81.55755653907133,
            -137.9418527090176,
            119.85817265369158
        ]
    },
    "additional_purple_adjustments": [
        -2.824477269934104,
        1.4687600534421204,
        15.557392836162126,
        6.814719846708948,
        28.15687523189534,
        50.771897689124785,
        -4.303029170910461
    ],
    "reroll_value": 4.5890263571932035,
    "starting_goals": {
        "yellow": 5,
        "blue": 8,
        "green": 8,
        "orange": 5,
        "purple": 5
    },
    "remaining_boxes_multiplier": [
        15,
        15,
        58,
        55,
        110,
        280
    ],
    "remaining_boxes_power": 1,
    "decline_extra_die_value": 130
}